,Unnamed: 0,title,score,id,url,coms_num,author,upvotes,Unnamed: 0.1,Unnamed: 0.1.1,word_count
0,0,university michigan officials didnt act reports sexual misconduct former university physician decades report says,87,nawgp1,https://www.cnn.com/2021/05/12/us/umichigan-investigation-physician-sexual-misconduct/index.html,9,JRWoodwardMSW,87,,,19
1,1,police west bath boy 2 injures parents self shooting,0,naw8ps,https://www.centralmaine.com/2021/05/12/police-west-bath-boy-2-injures-parents-self-in-shooting/,12,fbreaker,0,,,10
2,2,virginia stations run gas pipeline shutdown continues,185,na1ooq,https://www.nbc12.com/2021/05/10/some-virginia-stations-run-out-gas-pipeline-shutdown-continues/,83,Sure-Ad7730,185,,,11
3,3,john mcafee close bankruptcy fights crypto fraud charges,360,nab0wk,https://www.cityam.com/john-mcafee-close-to-bankruptcy-as-he-fights-crypto-fraud-charges/,66,EVERWILDOUTDOORS,360,,,11
4,4,met officer stole rival gangs drugs cash fake police raids,35,nawn6z,https://www.theguardian.com/uk-news/2021/may/12/met-officer-stole-rival-gangs-drugs-cash-in-fake-police-raids,4,Hillick,35,,,11
5,5,disney pay star wars novelists alan dean foster,1537,nac2qk,https://bleedingcool.com/comics/disney-pay-star-wars-novelists-alan-dean-foster/,118,boringhistoryfan,1537,,,11
6,6,hackers paralyzed pipeline banks stock exchanges even bigger targets,33,naxifv,https://edition.cnn.com/2021/05/12/business/ransomware-attacks-banks-stock-exchanges/index.html,4,WebLinkr,33,,,12
7,7,times square shooting suspect caught florida,14,naxpqn,https://www.nbcnews.com/news/us-news/times-square-shooting-suspect-captured-florida-n1267130,0,zsalzman12,14,,,7
8,8,us envoy heading middle east urge calm israel palestinians,42,nau5g8,https://www.nytimes.com/2021/05/12/world/middleeast/israel-palestinians-us-blinken.html,42,Hillick,42,,,16
9,9,28yearold woman posed student sneaked high school promote instagram,46,nax5vs,https://www.nbcnews.com/news/us-news/28-year-old-woman-posed-student-sneaked-high-school-promote-n1267141,32,Hillick,46,,,13
10,10,former nfl qb colt brennan dies 37 nbc sports,49,na42p0,https://profootballtalk.nbcsports.com/2021/05/11/former-nfl-qb-colt-brennan-dies-at-37/,7,holdncaul4,49,,,11
11,11,eu court rejects order amazon pay back 300 million taxes,258,naluta,https://www.cnbc.com/2021/05/12/eu-court-rejects-an-order-for-amazon-to-pay-back-300-million-in-taxes.html,37,goforth1457,258,,,14
12,12,brazil amazon illegal miners fire indigenous group,93,nascr0,https://www.bbc.com/news/world-latin-america-57069504,3,demflyingwhales,93,,,8
13,13,extremely canadian case fence post theft leads beaver dam saskatchewan,99,nai4cj,https://globalnews.ca/news/7853542/fence-post-beaver-dam-saskatchewan/,9,westcoastcdn19,99,,,12
14,14,classifies triplemutant covid variant india global health risk,43345,n99m8j,https://www.cnbc.com/amp/2021/05/10/who-classifies-triple-mutant-covid-variant-from-india-as-global-health-risk-.html?__twitter_impression=true,3408,Faruyazy,43345,,,11
15,15,firefighters fired kobe bryant helicopter crash scene photo scandal court docs say,249,nau939,https://www.nbcnews.com/news/us-news/firefighters-be-fired-kobe-bryant-helicopter-crash-scene-photo-scandal-n1267040,78,throwaway0152384,249,,,15
16,16,homeless man wins 150k judge tosses st louis county antipanhandling ordinances,5632,nafomz,http://www.maryvilleforum.com/news/state_news/homeless-man-wins-150k-and-judge-tosses-out-st-louis-county-anti-panhandling-ordinances/article_47211287-6a47-558c-a245-7f03b592e864.html,592,brianh5,5632,,,13
17,17,real water faces lawsuit 5yearold girl gets seriously ill excruciating,137,na3goc,https://www.cbsnews.com/news/real-water-recall-lawsuit/,29,firig1965,137,,,13
18,18,florida teacher gets 15 years recording naked girls,3821,n9wrcs,https://abcnews.go.com/US/wireStory/florida-teacher-15-years-recording-naked-girls-77620361,465,Raven202,3821,,,9
19,19,woman pushed onto dublin train tracks youths,133,naiojh,https://www.irishpost.com/news/fresh-footage-emerges-of-young-woman-being-pushed-onto-dublin-train-tracks-by-group-of-youths-211900,21,sparklerarara,133,,,8
20,20,fuel shortages worsen sixth day top us fuel pipeline outage,398,naqah2,https://www.reuters.com/business/energy/top-us-fuel-pipeline-edges-toward-reopening-gasoline-shortages-worsen-2021-05-12/,185,stealthVault,398,,,12
21,21,meet americas newest chess master 10yearold tanitoluwa adewumi,5977,naetkl,https://www.npr.org/2021/05/11/995936257/meet-americas-newest-chess-master-10-year-old-tanitoluwa-adewumi,219,temporarycreature,5977,,,8
22,22,ransomware attack pipeline pushes us gas prices nearly 3 gallon,608,n9rt9o,https://www.cbsnews.com/news/ransomware-attack-on-pipeline-propels-gas-to-near-3-a-gallon/,323,Apxm,608,,,14
23,23,indias covid deaths cross quarter million mark sign peak,105,naj312,https://www.reuters.com/world/india/indias-covid-deaths-cross-quarter-million-mark-no-sign-peak-2021-05-12/,19,DavidofSasun,105,,,11
24,24,white house condemns attacks israel calls coexistence jerusalem,73,nagd5i,https://www.reuters.com/world/middle-east/white-house-condemns-ongoing-rocket-attacks-by-hamas-against-israel-2021-05-11/,113,Satanifer,73,,,11
25,25,suspect accused hurling antiasian slurs assaulting employee arlington restaurant caught,1763,nac16q,https://www.fox5dc.com/news/suspect-accused-of-hurling-anti-asian-slurs-assaulting-employee-at-arlington-restaurant-caught,139,throwaway0152384,1763,,,12
26,26,americans young 12 begin get vaccinated covid19 fdas authorization,102,najakn,https://us.cnn.com/2021/05/11/health/us-coronavirus-tuesday/index.html,20,pcaversaccio,102,,,14
27,27,gas stations southeast run gas people panicbuy fuel,2736,nap01v,https://www.cnn.com/2021/05/12/business/gas-shortage-colonial-pipeline/index.html,932,ReallyJustTheFacts,2736,,,13
28,28,fda permits use pfizerbiontech covid vaccine kids ages 12 15,4310,n9gagm,https://www.cnbc.com/2021/05/10/pfizer-covid-vaccine-fda-clears-use-in-kids-ages-12-to-15.html,563,cyclinginvancouver,4310,,,14
29,29,least 35 killed gaza israel ramps airstrikes response rocket attacks,787,nafjzx,https://www.cnn.com/2021/05/11/middleeast/israel-gaza-airstrikes-rockets-intl/index.html,334,Timely_Signal1377,787,,,16
30,30,panel suggests power stop pandemics,40,namb62,https://abcn.ws/2RGGYTT,21,AsYooouWish,40,,,10
31,31,death toll rises air strikes gaza rocket fire israel reuters,77,nanyfr,https://www.reuters.com/world/middle-east/35-killed-gaza-3-israel-violence-escalates-2021-05-12/,19,adminsare200iq,77,,,15
32,32,scramble new fuel routes colonial pipeline hack,49,naqzl1,https://apnews.com/article/europe-government-and-politics-technology-business-938b33938fe3a750367fb1dc2f7ce6e0,23,LookAtMePlease9,49,,,10
33,33,renewables grew fastest rate two decades last year iea says new report,74,nad96k,https://www.cnbc.com/2021/05/11/renewables-grew-at-fastest-rate-in-two-decades-last-year-iea-says-in-new-report.html,5,NineteenEighty9,74,,,15
34,34,jeff bezos buys 500m superyacht big comes support yacht,8365,n9ymew,https://www.independent.co.uk/news/business/jeff-bezos-amazon-superyacht-pandemic-b1845278.html,2154,powerfulphotography,8365,,,13
35,35,man suspected times square shooting injured 3 arrested florida,24,nax1mr,https://www.fox13memphis.com/news/trending/man-suspected-times-square-shooting-that-injured-3-arrested-florida/W6TI3U33IRGLRE4NGOKMDAVR5Q/,2,jonredd901,24,,,12
36,36,us official says covid booster shots also free public,22338,na0w1e,https://www.cnbc.com/2021/05/11/us-official-says-covid-booster-shots-will-also-be-free-to-the-public-.html,1255,Hillick,22338,,,13
37,37,zachary wester trial day 3 witnesses testify former deputys drugplanting case,144,naqwtm,https://www.tallahassee.com/story/news/local/2021/05/12/zachary-wester-trial-watch-live-day-3-updates-johnson-county-deputy-drug-planting/4930531001,10,cabridges,144,,,13
38,38,man 26 arrested tiger found roaming houston suburb,428,nalqe0,https://www.theguardian.com/us-news/2021/may/11/houston-tiger-man-arrested-victor-hugo-cuevas,60,thewholedamnplanet,428,,,10
39,39,prosecutors recommend 17year sentence former green beret convicted spying russia,5665,n9dcmz,https://www.stripes.com/news/us/prosecutors-recommend-17-year-sentence-for-former-green-beret-convicted-of-spying-for-russia-1.672960,546,AudibleNod,5665,,,13
40,40,israeli army kills palestinian teen occupied west bank,33,nawn05,https://www.aljazeera.com/news/2021/5/12/israeli-army-kills-palestinian-teen-in-occupied-west-bank,44,Sagha95,33,,,9
41,41,man arrested houston tiger seen lawn whereabouts animal known,2073,n9u00e,https://www.nbcnews.com/news/us-news/man-who-fled-tiger-houston-arrested-whereabouts-animal-not-known-n1266901?cid=sm_npd_nn_tw_ma,239,sh0tgunben,2073,,,14
42,42,alabama police officer convicted murder still gets paid,5604,na0yvc,https://www.wbrz.com/news/alabama-officer-convicted-of-murder-still-gets-paid,256,toshiro-mifune,5604,,,9
43,43,seychelles undergoing covid spike despite mostly vaccinated sinopharm,16,naw12x,https://www.nytimes.com/2021/05/12/business/economy/covid-seychelles-sinopharm.html,6,123lose,16,,,10
44,44,lamont nursing home union cts last best offer governor taps national guard ready event strike friday,32,nae95l,https://ctmirror.org/2021/05/11/lamont-taps-ct-national-guard-to-be-ready-in-event-of-nursing-home-strike/,17,hugeposuer,32,,,25
45,45,home prices still going almost everywhere across us,429,na7ja4,https://www.cnn.com/2021/05/11/homes/home-prices-rising-feseries/index.html,226,MoonshotHorizon,429,,,11
46,46,national rifle association cannot use bankruptcy reorganize gunfriendly texas federal judge dallas ruled tuesday handing defeat influential firearms rights group facing effort dissolve new york state,62117,na5ojz,https://news.trust.org/item/20210511181533-nqv5i/,2345,Illustrious_Welder94,62117,,,41
47,47,anthony johnson arrested charged identity theft following bellator win mohegan sun,44,na5ecl,https://www.mmamania.com/2021/5/11/22430879/ufc-anthony-johnson-arrested-charged-identity-theft-following-bellator-win-mohegan-sun-mma,8,holdncaul4,44,,,13
48,48,unemployed americans thought theyd receive benefits september aid jeopardy,685,na6zty,https://www.cnbc.com/2021/05/11/unemployed-americans-worry-about-getting-cut-off-from-benefits-early-.html,600,trackerpro,685,,,14
49,49,volkswagen plans selfdriving electric microbus argo ai 2025,17,naqy0y,https://www.cnbc.com/2021/05/12/volkswagen-plans-self-driving-electric-microbus-with-argo-ai-by-2025.html,17,KymeStar,17,,,10
50,50,i40 bridge ms river shut large crack found,165,nav4n7,https://www.fox13memphis.com/news/local/no-timeline-when-i-40-bridge-could-reopen-officials-say/6GIZ3HIP7VF3ZCK3KGTFUY5HVQ/,47,cantstopthebald,165,,,11
51,51,queens man indicted hate crime charge allegedly attacking asian woman flushing bakery,254,na8ihl,https://qns.com/2021/05/queens-man-indicted-on-hate-crime-charge-for-allegedly-attacking-asian-woman-in-flushing-bakery/,34,throwaway0152384,254,,,15
52,52,colonial pipeline posted cyber security manager job weeks attack,32,nax4ad,https://www.cnn.com/2021/05/12/tech/colonial-pipeline-cyber-security-manager-job-search/index.html,6,Illustrious_Welder94,32,,,12
53,53,trillions brood x cicadas move closer emergence soil temperatures rise,160,na9oi4,https://www.theguardian.com/environment/2021/may/11/trillions-brood-x-cicadas-soil-temperatures,31,throwaway0152384,160,,,13
54,54,richmond gas station charges 699 gallon amid gas shortage,1,nayffl,https://goodwordnews.com/richmond-gas-station-charges-6-99-a-gallon-amid-gas-shortage/,1,Encouragedissent,1,,,11
55,55,15 months ahmaud arberys death georgia repeals citizens arrest law npr,2513,nalqvn,https://www.npr.org/2021/05/11/995835333/in-ahmaud-arberys-name-georgia-repeals-citizens-arrest-law,211,thewholedamnplanet,2513,,,13
56,56,calls grow un investigation seafarer rights violations covid,36,naa2cc,https://www.nautilusint.org/en/news-insight/news/calls-grow-for-un-investigation-of-seafarer-rights-violations-during-covid/,0,Redditneedstodie69,36,,,11
57,57,israel says killed hamas commanders,50,nantlu,https://apnews.com/article/middle-east-israel-3a1c810bc2c08023543c911635cc83cf,89,AllYouveGot,50,,,7
58,58,time get back work idaho ending federal pandemic unemployment benefits,260,naa4ps,https://www.kxly.com/its-time-to-get-back-to-work-idaho-is-ending-federal-pandemic-unemployment-benefits/,309,essiemay7777777,260,,,14
59,59,chicago gun pipeline traced three fort campbell soldiers,3575,naex5y,https://www.armytimes.com/news/your-army/2021/05/11/chicago-gun-pipeline-traced-to-three-fort-campbell-soldiers/,752,throwaway0152384,3575,,,9
60,60,judge dismisses nras bankruptcy petition allowing new york ag lawsuit move forward,2514,nap3jc,https://edition.cnn.com/2021/05/11/politics/national-rifle-association-bankruptcy/index.html,138,AoiTopGear,2514,,,13
61,61,dunkin customer 77 fatally punched employee police,1267,na3zdu,https://www.nbcboston.com/news/national-international/police-dunkin-customer-77-fatally-punched-by-employee/2377432/?osource=sm_npd_nbc_bos_twt_mn,1019,fbreaker,1267,,,8
62,62,brett favre owes mississippi 600000 speaking fees events never attended officials say,847,natg42,https://www.nbcnews.com/news/us-news/brett-favre-owes-mississippi-600-000-speaking-fees-events-he-n1267066,100,Bream1000,847,,,15
63,63,minnesota judge ruled aggravating factors death george floyd paving way longer sentence derek chauvin according order made public wednesday,14558,napgk2,https://apnews.com/article/george-floyd-death-of-george-floyd-78a698283afd3fcd3252de512e395bd6,678,Illustrious_Welder94,14558,,,32
64,64,hernando de soto bridgei40 bridge closed indefinitely crack discovered structure,110,nafv45,https://www.wmcactionnews5.com/2021/05/11/emergency-roadwork-shutdowns-i-bridge/,55,tangilizer,110,,,12
65,65,nj superintendent apologizes meir kahane heritage month gaffe,0,navsd1,https://forward.com/fast-forward/469409/nj-superintendent-apologizes-for-meir-kahane-heritage-month-gaffe/,0,AngelaMotorman,0,,,9
66,66,9000 employees sick covid overwhelms arkansas workplaces,209,naw9ws,https://apnews.com/article/ar-state-wire-arkansas-philanthropy-health-coronavirus-pandemic-6f54f43a7f26cb34b70986a76a972160,57,i_love_anachronisms,209,,,8
67,67,gasoline demand spikes several states pipeline hack,169,nakxmk,https://www.cnn.com/2021/05/11/business/gas-shortage-demand-pipeline-hack/index.html,64,Ruggervt14,169,,,9
68,68,us imposes sanctions seven lebanese men connected hezbollah,42,na8fq9,https://www.aljazeera.com/news/2021/5/11/us-imposes-sanctions-on-seven-lebanese-men-connected-to-hezbollah,2,vokiel,42,,,10
69,69,police advise los alamitos school board go virtual anger grows social justice debate,112,nap1nm,https://www.ocregister.com/2021/05/10/police-advise-los-alamitos-school-board-to-go-virtual-as-anger-grows-in-social-justice-debate/,46,pomonamike,112,,,16
70,70,pregnant doctor loses battle covid husband shares last video message,521,nakchu,https://www.ndtv.com/india-news/coronavirus-pregnant-doctor-dimple-arora-chawla-loses-battle-to-covid-husband-ravish-chawla-shares-her-last-video-message-2440111,52,cerebrumInfotech123,521,,,11
71,71,israeli air strike destroys gaza tower block,336,na47s3,https://www.aljazeera.com/news/2021/5/11/israel-strikes-down-tower-in-gaza-prompting-hamas-response,279,throwaway0152384,336,,,7
72,72,goldman sachs executive quits making millions dogecoin,41453,naftyt,https://www.theguardian.com/technology/2021/may/11/goldman-sachs-executive-quits-after-making-millions-from-dogecoin,3454,getBusyChild,41453,,,9
73,73,covid variant first detected india found 44 countries,59,najqd3,https://www.aljazeera.com/news/2021/5/12/covid-variant-first-detected-in-india-found-in-44-countries-who,6,FightorFlightRisk,59,,,11
74,74,eritrean troops disguised ethiopian military blocking critical aid tigray,52,nalk2f,https://www.cnn.com/2021/05/12/africa/tigray-axum-aid-blockade-cmd-intl/index.html,4,Steamboated-,52,,,12
75,75,norman lloyd dies st elsewhere actor whose screen career began hitchcocks saboteur 106,98,na7yga,https://deadline.com/2021/05/norman-lloyd-dead-st-elsewhere-actor-1234754280/,3,DemiFiendRSA,98,,,15
76,76,inflation surges april consumer prices leap 42 fastest since 2008,29501,nanzn9,https://www.cnbc.com/2021/05/12/consumer-price-index-april-2021.html,5623,Sharper133,29501,,,12
77,77,bodies bihar dumped ambulances floating corpses count 71,176,n9xvx6,https://www.ndtv.com/india-news/71-bodies-washed-up-bihar-officials-reject-no-logs-for-cremation-talk-2439640?pfrom=home-ndtv_topscroll,20,baavramallah,176,,,11
78,78,us pressure mexico orders gm repeat worker vote,165,nanox0,https://www.aljazeera.com/economy/2021/5/12/under-us-pressure-mexico-orders-gm-to-repeat-worker-vote,10,vokiel,165,,,10
79,79,emergency program give people 50 internet bill,25,nava19,https://apnews.com/article/health-coronavirus-pandemic-technology-government-and-politics-business-d31ed016c45e7ce9897cfabbc54fd226,6,ReallyJustTheFacts,25,,,9
80,80,hospitals across india report covid19 patients rare deadly black fungus decays brains lungs,94,na0utf,https://www.cityam.com/covid-19-patients-across-india-hit-by-deadly-black-fungus-that-decays-brains-and-lungs/,49,likerofgoodthings,94,,,16
81,81,grief despair afghanistan neighbourhood buries girls killed bombings,492,n9u2q3,https://www.nbcnews.com/news/world/grief-despair-afghanistan-neighbourhood-it-buries-girls-killed-bombings-n1266781?cid=sm_npd_nn_tw_ma,52,sh0tgunben,492,,,13
82,82,russianspeaking cyber gang threatens release washington police data,1498,na1twc,https://www.theguardian.com/technology/2021/may/11/washington-police-hack-russian-speaking-babuk-gang,189,Hillick,1498,,,9
83,83,least 35 killed gaza israel ramps airstrikes response rocket attacks,80,najauk,https://edition.cnn.com/2021/05/11/middleeast/israel-gaza-airstrikes-rockets-intl/index.html,45,bustead,80,,,16
84,84,coronal mass ejection creates strong geomagnetic storm earth today,40,nawk04,https://weatherboy.com/coronal-mass-ejection-creates-strong-geomagnetic-storm-on-earth-today/,12,beethy,40,,,10
85,85,youtube pay 100 million people make popular videos tiktok competitor,40,nabyid,https://www.cnbc.com/2021/05/11/youtube-launches-100-million-fund-to-grow-tiktok-competitor-shorts.html,12,Apxm,40,,,15
86,86,soccer title celebrations marred fans clash riot police,18,nalw0j,https://whbl.com/2021/05/12/soccer-sporting-title-celebrations-marred-as-fans-clash-with-riot-police/,1,Jean_Zombi,18,,,10
87,87,chemical giants hid dangers forever chemicals food packaging,3211,napsjj,https://www.theguardian.com/environment/2021/may/12/chemical-giants-hid-dangers-pfas-forever-chemicals-food-packaging-dupont,294,LateCheckIn,3211,,,10
88,88,mail sunday ordered pay extra costs high court judge refusing see light drawing legal battle meghan duchess sussex,1,nayfxm,https://www.standard.co.uk/news/uk/mail-on-sunday-meghan-markle-high-court-extra-costs-b934753.htm,0,tihotihotiho,1,,,28
89,89,sp dow jones indices launches cryptocurrency index series including sp bitcoin index,3,naygiq,https://www.prnewswire.com/news-releases/sp-dow-jones-indices-launches-cryptocurrency-index-series-including-sp-bitcoin-index-301283028.html?utm_source=Iterable&utm_medium=email&utm_campaign=campaign_2326172,0,ken_briggs610,3,,,12
90,90,shrunken head amazonian warrior return ecuador,164,nao6bj,https://www.nbcnews.com/science/science-news/display-ceremonial-head-returning-amazon-rcna884,15,pileodung,164,,,9
91,91,tucson woman fighting life hundreds bees attack,30,navqtr,https://www.kold.com/2021/05/11/tucson-woman-fighting-for-life-after-hundreds-of-africanized-bees-attack/,3,nsnjr,30,,,10
92,92,clarksburg va serial killer sentenced seven life sentences murdering seven veterans insulin injection,1697,na77lr,https://www.wdtv.com/2021/05/11/clarksburg-va-serial-killer-sentenced-to-seven-life-sentences-for-murdering-seven-veterans-by-insulin-injection/,191,hammer_it_out,1697,,,16
93,93,1 million people sign affordable care act coverage biden reopens exchange,72555,n9wtwd,https://www.cnn.com/2021/05/11/politics/affordable-care-act-sign-ups/index.html,4112,StatistUnion,72555,,,14
94,94,oregon extends covid workplace mask rule indefinitely,137,nau3xc,https://abcnews.go.com/Health/wireStory/oregon-extends-covid-workplace-mask-rule-indefinitely-77495119,59,ohineedascreenname,137,,,7
95,95,us millionaire ceos saw 29 pay raise workers pay decreased report,60580,n9ol89,https://www.theguardian.com/business/2021/may/11/us-millionaire-ceos-saw-29-pay-raises-while-workers-had-decreases-report-says,3490,very_excited,60580,,,13
96,96,covid deaths us hit lowest level 10 months,3,nayi7m,https://www.nbcnews.com/health/health-news/covid-deaths-u-s-hit-lowest-level-10-months-n1267135,0,SacoolloocaS,3,,,10
97,97,drug overdoses skyrocket washington state amid covid,427,n9tpgc,https://abcnews.go.com/Health/wireStory/washington-state-trend-drug-deaths-virus-77607021?cid=clicksource_4380645_1_heads_hero_live_headlines_hed,203,Apxm,427,,,8
98,98,drones test sow rain clouds face drought countries,16,nai7au,https://www.entrepreneur.com/article/371663,15,AnakinWayneII,16,,,14
99,99,israel declares emergency lod unrest spreads,41,nahrha,https://www.bbc.com/news/world-middle-east-57081848,5,FightorFlightRisk,41,,,8
100,100,colonial pipeline sought cyber chief months criminal hack,33,naup35,https://www.bloomberg.com/news/articles/2021-05-12/colonial-pipeline-sought-cyber-chief-months-before-criminal-hack?utm_source=google&utm_medium=bd&cmpId=google,13,waffle-fil-a,33,,,9
101,101,gay iranian man dead alleged honor killing rights group says,134,nalkco,https://www.nbcnews.com/feature/nbc-out/gay-iranian-man-dead-alleged-honor-killing-rights-group-says-n1266995?cid=sm_npd_nn_tw_ma,21,sh0tgunben,134,,,11
102,102,staggering legal fees boy scouts bankruptcy case,101,na33dj,https://www.nytimes.com/2021/05/11/us/boy-scouts-bankruptcy-legal-fees.html?smtyp=cur&smid=fb-nytimes&fbclid=IwAR0B6DMkM_49Ro91dVT0AHxnJu4-MyL3HtkB-AhqzajEbHkr54cOaSeSVwc,48,brahbocop,101,,,8
103,103,man accused atlantaarea spa shootings indicted murder charges also faces hate crime charges death penalty,1222,na38w5,https://abcnews.go.com/US/wireStory/man-accused-atlanta-area-spa-shootings-indicted-murder-77626420,157,Hillick,1222,,,18
104,104,charges filed mummy spiritual leader found home decorated christmas lights glitter,5,nayds5,https://apnews.com/article/lifestyle-religion-2576b55b4c315fff4df338b172a971e3,0,brashendeavors,5,,,16
105,105,fill plastic bags gasoline us warns shortages grow,73,naxih6,https://www.reuters.com/business/energy/do-not-fill-plastic-bags-with-gasoline-us-warns-shortages-grow-2021-05-12/,29,AgainstSomeLogic,73,,,12
106,106,stunning new images jupiter reveal atmosphere details different light,163,na9zi3,https://www.space.com/stunning-jupiter-photos-hubble-telescope-video,26,davidjschloss,163,,,11
107,107,army fake fans boosts chinas messaging twitter,3531,n9ufjy,https://apnews.com/article/world-news-ap-top-news-technology-united-kingdom-middle-east-62b13895aa6665ae4d887dcc8d196dfc,500,abstlouis96,3531,,,9
108,108,st paul sovereign citizen records stealing vaccines workers,55,naxke1,https://minnesotareformer.com/2021/05/08/st-paul-sovereign-citizen-records-himself-stealing-vaccines-from-workers/,15,zardogo,55,,,10
109,109,us endorses pfizer covid shot kids 12,0,nayg9z,https://apnews.com/article/india-europe-canada-religion-coronavirus-pandemic-43cb514f32aa87dc9ef25663fc3a4f16,0,SacoolloocaS,0,,,10
110,110,voyager spacecraft detects persistent hum beyond solar system abc17news,374,na3vtw,https://abc17news.com/news/national-world/2021/05/11/voyager-spacecraft-detects-persistent-hum-beyond-our-solar-system/,80,LEMental,374,,,11
111,111,cdc advisers endorse pfizer vaccine children ages 12 15,21,nawxrk,https://www.nytimes.com/2021/05/12/health/coronavirus-vaccine-children.html?referringSource=articleShare,1,Gerrik_Aldent,21,,,11
112,112,hindu sect accused using forced labor build nj temple,147,na536s,https://www.nytimes.com/2021/05/11/nyregion/nj-hindu-temple-india-baps.html,18,bhodrolok,147,,,12
113,113,second oregon police officer indicted incident involving black lives matter flag,1118,na7syx,https://www.nbcnews.com/news/us-news/second-oregon-police-officer-indicted-over-incident-involving-black-lives-n1267014,67,GQveracity,1118,,,12
114,114,suit challenges restaurant aid priority women minorities,14,naw5uu,https://abcnews.go.com/US/wireStory/suit-challenges-restaurant-aid-priority-women-minorities-77650760,10,throwaway0152384,14,,,8
115,115,tenn girl pleads guilty killing uber eats driver,120,na0s98,"https://wtop.com/dc/2021/05/teen-girl-pleads-guilty-to-killing-uber-eats-driver-near-nats-park/#:~:text=App%20%7C%20103.5%20FM-,A%20teenage%20girl%20is%20preparing%20for%20sentencing%20next%20month%20after,Superior%20Court%20spokeswoman%20Claire%20Huber.",41,JamesKBoyd,120,,,9
116,116,indian workers allege shocking violations building hindu temple new jersey,120,nagtdu,https://www.investing.com/news/stock-market-news/indian-workers-allege-shocking-violations-in-building-hindu-temple-in-new-jersey-2503271,15,nicelogin,120,,,12
117,117,melinda gates met divorce lawyers epstein ties revealed wsj,3745,na03gu,https://www.aljazeera.com/economy/2021/5/10/melinda-gates-discussed-divorcing-bill-over-epstein-ties-wsj,924,ShreksBigAss,3745,,,10
118,118,chipotle hike wages debut referral bonuses attempt hire 20000 workers,11279,n99irq,https://www.cnbc.com/2021/05/10/chipotle-to-hike-wages-debut-referral-bonuses-amid-tight-labor-market.html,1399,epraider,11279,,,13
119,119,drivers start scrambling gas pipeline shutdown continues,85,nabsg6,https://www.cbsnews.com/news/colonial-pipeline-ransomware-gas-lines-shortages-price-rises/,62,stealthVault,85,,,9
120,120,israel hamas heading towards fullscale war clashes intensify,637,naph15,https://www.standard.co.uk/news/world/israel-emergency-lod-rioting-conflict-palestinian-militants-israeli-forces-intensifies-b934619.html,307,brashendeavors,637,,,10
121,121,average daily us covid cases fall 40000 first time since september,1373,na1cqr,https://www.cnbc.com/2021/05/11/covid-19-cases-deaths-vaccinations-daily-update.html,133,Sumit316,1373,,,14
122,122,40 attorneys general urge facebook stop plans instagram kids,73561,n9exq0,https://www.cnn.com/2021/05/10/tech/facebook-instagram-for-kids-attorneys-general/index.html,2817,Illustrious_Welder94,73561,,,15
123,123,norman lloyd tributes paid hitchcock st elsewhere actor following death 106,142,nakl6l,https://www.bbc.com/news/entertainment-arts-57084522,3,spinning_carousel,142,,,15
124,124,70k boxing fans att stadium may biggest indoor event since pandemic began,40,nafiaz,https://www.nbcdfw.com/news/coronavirus/70000-boxing-fans-converge-on-att-stadium-may-be-biggest-indoor-event-since-pandemic/2627154/?amp,30,stevexrockwellx,40,,,14
125,125,family see footage north carolina deputy shooting,312,n9u1f6,https://apnews.com/article/north-carolina-shootings-8f887641dd69ef6e2ae114ea27fb3176,22,Sanlear,312,,,10
126,126,despite fda approval schools say wont mandate covid vaccinations,853,n9wase,https://www.cnbc.com/2021/05/11/despite-fda-approval-of-covid-vaccine-for-kids-some-schools-will-not-mandate-vaccinations.html,436,Raven202,853,,,11
127,127,us covid19 deaths hit lowest level 10 months,272,nauwvd,https://www.pbs.org/newshour/health/u-s-covid-19-deaths-hit-lowest-level-in-10-months,52,temporarycreature,272,,,9
128,128,us fuel supplies tighten energy pipeline outage enters fifth day,3041,n9wusb,https://www.reuters.com/business/energy/us-fuel-supplies-tighten-energy-pipeline-outage-enters-fifth-day-2021-05-11/,977,crispy_attic,3041,,,11
129,129,search 2yearold homicide investigation las vegas police say,108,nadk08,https://www.ktnv.com/news/las-vegas-police-to-share-update-on-search-for-missing-2-year-old-boy,11,zsalzman12,108,,,10
130,130,police say boyfriend responsible shooting colorado birthday party domestic violence,2,nayo1z,https://www.nytimes.com/2021/05/10/us/colorado-shooting-domestic-violence.html?smid=fb-nytimes&smtyp=cur,0,sillychillly,2,,,13
131,131,judge rules victims 1971 belfast shooting innocent,125,na6lr8,https://apnews.com/article/belfast-europe-shootings-government-and-politics-d0e8cea8492f0b07d336aae39f6a5ac6,1,ExcitingPush,125,,,9
132,132,county court judgment boris johnson record shows,20,narc05,https://www.bbc.co.uk/news/uk-politics-57087274.amp,2,murdered800times,20,,,8
133,133,police california tesla driver riding backseat arrested,269,nary36,https://abcnews.go.com/Technology/wireStory/police-california-tesla-driver-riding-backseat-arrested-77646006,125,segvcore,269,,,8
134,134,first largescale us offshore wind farm receives federal approval,1199,nabhqs,https://www.aljazeera.com/news/2021/5/11/first-large-scale-us-offshore-wind-farm-receives-federal-approval,57,Apxm,1199,,,9
135,135,cameroon jails transgender women attempted homosexuality,1575,nanlyt,https://www.bbc.com/news/world-africa-57085664,245,clarahylton,1575,,,7
136,136,israeli army kills palestinian teen occupied west bank,29,nawn05,https://www.aljazeera.com/news/2021/5/12/israeli-army-kills-palestinian-teen-in-occupied-west-bank,34,Sagha95,29,0.0,,9
137,137,inflation surges april consumer prices leap 42 fastest since 2008,28215,nanzn9,https://www.cnbc.com/2021/05/12/consumer-price-index-april-2021.html,5340,Sharper133,28215,1.0,,12
138,138,fuel shortages worsen sixth day top us fuel pipeline outage,353,naqah2,https://www.reuters.com/business/energy/top-us-fuel-pipeline-edges-toward-reopening-gasoline-shortages-worsen-2021-05-12/,161,stealthVault,353,2.0,,12
139,139,pregnant doctor loses battle covid husband shares last video message,508,nakchu,https://www.ndtv.com/india-news/coronavirus-pregnant-doctor-dimple-arora-chawla-loses-battle-to-covid-husband-ravish-chawla-shares-her-last-video-message-2440111,51,cerebrumInfotech123,508,3.0,,11
140,140,seychelles undergoing covid spike despite mostly vaccinated sinopharm,14,naw12x,https://www.nytimes.com/2021/05/12/business/economy/covid-seychelles-sinopharm.html,6,123lose,14,4.0,,10
141,141,shrunken head amazonian warrior return ecuador,160,nao6bj,https://www.nbcnews.com/science/science-news/display-ceremonial-head-returning-amazon-rcna884,14,pileodung,160,5.0,,9
142,142,death toll rises air strikes gaza rocket fire israel reuters,78,nanyfr,https://www.reuters.com/world/middle-east/35-killed-gaza-3-israel-violence-escalates-2021-05-12/,13,adminsare200iq,78,6.0,,15
143,143,i40 bridge ms river shut large crack found,129,nav4n7,https://www.fox13memphis.com/news/local/no-timeline-when-i-40-bridge-could-reopen-officials-say/6GIZ3HIP7VF3ZCK3KGTFUY5HVQ/,39,cantstopthebald,129,7.0,,11
144,144,tucson woman fighting life hundreds bees attack,25,navqtr,https://www.kold.com/2021/05/11/tucson-woman-fighting-for-life-after-hundreds-of-africanized-bees-attack/,3,nsnjr,25,8.0,,10
145,145,volkswagen plans selfdriving electric microbus argo ai 2025,15,naqy0y,https://www.cnbc.com/2021/05/12/volkswagen-plans-self-driving-electric-microbus-with-argo-ai-by-2025.html,16,KymeStar,15,9.0,,10
146,146,drones test sow rain clouds face drought countries,16,nai7au,https://www.entrepreneur.com/article/371663,15,AnakinWayneII,16,10.0,,14
147,147,st paul sovereign citizen records stealing vaccines workers,12,naxke1,https://minnesotareformer.com/2021/05/08/st-paul-sovereign-citizen-records-himself-stealing-vaccines-from-workers/,3,zardogo,12,11.0,,10
148,148,tacoma man says stabbed asking someone wear mask,2543,nab3az,https://www.kiro7.com/news/local/tacoma-man-says-he-was-stabbed-after-asking-someone-wear-mask/BJYA2J5XSFHPVAUTOTYDRCPITM/,573,DICK-FUCK-PUSSY-SUCK,2543,12.0,,13
149,149,university michigan officials didnt act reports sexual misconduct former university physician decades report says,67,nawgp1,https://www.cnn.com/2021/05/12/us/umichigan-investigation-physician-sexual-misconduct/index.html,7,JRWoodwardMSW,67,13.0,,19
150,150,israel declares emergency lod unrest spreads,45,nahrha,https://www.bbc.com/news/world-middle-east-57081848,5,FightorFlightRisk,45,14.0,,8
151,151,police california tesla driver riding backseat arrested,215,nary36,https://abcnews.go.com/Technology/wireStory/police-california-tesla-driver-riding-backseat-arrested-77646006,106,segvcore,215,15.0,,8
152,152,emergency program give people 50 internet bill,21,nava19,https://apnews.com/article/health-coronavirus-pandemic-technology-government-and-politics-business-d31ed016c45e7ce9897cfabbc54fd226,5,ReallyJustTheFacts,21,16.0,,9
153,153,times square shooting suspect caught florida,4,naxpqn,https://www.nbcnews.com/news/us-news/times-square-shooting-suspect-captured-florida-n1267130,0,zsalzman12,4,17.0,,7
154,154,lamont nursing home union cts last best offer governor taps national guard ready event strike friday,33,nae95l,https://ctmirror.org/2021/05/11/lamont-taps-ct-national-guard-to-be-ready-in-event-of-nursing-home-strike/,17,hugeposuer,33,18.0,,25
155,155,extremely canadian case fence post theft leads beaver dam saskatchewan,100,nai4cj,https://globalnews.ca/news/7853542/fence-post-beaver-dam-saskatchewan/,9,westcoastcdn19,100,19.0,,12
156,156,gasoline demand spikes several states pipeline hack,165,nakxmk,https://www.cnn.com/2021/05/11/business/gas-shortage-demand-pipeline-hack/index.html,64,Ruggervt14,165,20.0,,9
157,157,amazon destroyed 2 million counterfeit products last year,289,nad3dv,https://www.cnn.com/2021/05/11/business/amazon-counterfeits/index.html,44,Apxm,289,21.0,,10
158,158,gay iranian man dead alleged honor killing rights group says,128,nalkco,https://www.nbcnews.com/feature/nbc-out/gay-iranian-man-dead-alleged-honor-killing-rights-group-says-n1266995?cid=sm_npd_nn_tw_ma,21,sh0tgunben,128,22.0,,11
159,159,indian workers allege shocking violations building hindu temple new jersey,115,nagtdu,https://www.investing.com/news/stock-market-news/indian-workers-allege-shocking-violations-in-building-hindu-temple-in-new-jersey-2503271,15,nicelogin,115,23.0,,12
160,160,indias covid deaths cross quarter million mark sign peak,98,naj312,https://www.reuters.com/world/india/indias-covid-deaths-cross-quarter-million-mark-no-sign-peak-2021-05-12/,18,DavidofSasun,98,24.0,,11
161,161,average daily us covid cases fall 40000 first time since september,1378,na1cqr,https://www.cnbc.com/2021/05/11/covid-19-cases-deaths-vaccinations-daily-update.html,133,Sumit316,1378,25.0,,14
162,162,police officer arrested dui charges southwest miamidade,46,nav1wp,https://www.local10.com/news/local/2021/05/12/police-officer-arrested-on-dui-charges-in-southwest-miami-dade/,10,XVll-L,46,26.0,,9
163,163,zachary wester trial day 3 witnesses testify former deputys drugplanting case,131,naqwtm,https://www.tallahassee.com/story/news/local/2021/05/12/zachary-wester-trial-watch-live-day-3-updates-johnson-county-deputy-drug-planting/4930531001,9,cabridges,131,27.0,,13
164,164,brazil amazon illegal miners fire indigenous group,86,nascr0,https://www.bbc.com/news/world-latin-america-57069504,3,demflyingwhales,86,28.0,,8
165,165,gas stations southeast run gas people panicbuy fuel,2508,nap01v,https://www.cnn.com/2021/05/12/business/gas-shortage-colonial-pipeline/index.html,887,ReallyJustTheFacts,2508,29.0,,13
166,166,stunning new images jupiter reveal atmosphere details different light,165,na9zi3,https://www.space.com/stunning-jupiter-photos-hubble-telescope-video,26,davidjschloss,165,30.0,,11
167,167,15 months ahmaud arberys death georgia repeals citizens arrest law npr,2415,nalqvn,https://www.npr.org/2021/05/11/995835333/in-ahmaud-arberys-name-georgia-repeals-citizens-arrest-law,204,thewholedamnplanet,2415,31.0,,13
168,168,scramble new fuel routes colonial pipeline hack,43,naqzl1,https://apnews.com/article/europe-government-and-politics-technology-business-938b33938fe3a750367fb1dc2f7ce6e0,22,LookAtMePlease9,43,32.0,,10
169,169,cameroon jails transgender women attempted homosexuality,1454,nanlyt,https://www.bbc.com/news/world-africa-57085664,232,clarahylton,1454,33.0,,7
170,170,man suspected times square shooting injured 3 arrested florida,21,nax1mr,https://www.fox13memphis.com/news/trending/man-suspected-times-square-shooting-that-injured-3-arrested-florida/W6TI3U33IRGLRE4NGOKMDAVR5Q/,2,jonredd901,21,34.0,,12
171,171,eu court rejects order amazon pay back 300 million taxes,253,naluta,https://www.cnbc.com/2021/05/12/eu-court-rejects-an-order-for-amazon-to-pay-back-300-million-in-taxes.html,36,goforth1457,253,35.0,,14
172,172,colonial pipeline sought cyber chief months criminal hack,28,naup35,https://www.bloomberg.com/news/articles/2021-05-12/colonial-pipeline-sought-cyber-chief-months-before-criminal-hack?utm_source=google&utm_medium=bd&cmpId=google,13,waffle-fil-a,28,36.0,,9
173,173,woman pushed onto dublin train tracks youths,128,naiojh,https://www.irishpost.com/news/fresh-footage-emerges-of-young-woman-being-pushed-onto-dublin-train-tracks-by-group-of-youths-211900,21,sparklerarara,128,37.0,,8
174,174,police west bath boy 2 injures parents self shooting,1,naw8ps,https://www.centralmaine.com/2021/05/12/police-west-bath-boy-2-injures-parents-self-in-shooting/,11,fbreaker,1,38.0,,10
175,175,minnesota judge ruled aggravating factors death george floyd paving way longer sentence derek chauvin according order made public wednesday,11877,napgk2,https://apnews.com/article/george-floyd-death-of-george-floyd-78a698283afd3fcd3252de512e395bd6,576,Illustrious_Welder94,11877,39.0,,32
176,176,hindu sect accused using forced labor build nj temple,143,na536s,https://www.nytimes.com/2021/05/11/nyregion/nj-hindu-temple-india-baps.html,18,bhodrolok,143,40.0,,12
177,177,suspect accused hurling antiasian slurs assaulting employee arlington restaurant caught,1748,nac16q,https://www.fox5dc.com/news/suspect-accused-of-hurling-anti-asian-slurs-assaulting-employee-at-arlington-restaurant-caught,138,throwaway0152384,1748,41.0,,12
178,178,dunkin customer 77 fatally punched employee police,1256,na3zdu,https://www.nbcboston.com/news/national-international/police-dunkin-customer-77-fatally-punched-by-employee/2377432/?osource=sm_npd_nbc_bos_twt_mn,1020,fbreaker,1256,42.0,,8
179,179,melinda gates met divorce lawyers epstein ties revealed wsj,3750,na03gu,https://www.aljazeera.com/economy/2021/5/10/melinda-gates-discussed-divorcing-bill-over-epstein-ties-wsj,924,ShreksBigAss,3750,43.0,,10
180,180,meet americas newest chess master 10yearold tanitoluwa adewumi,5927,naetkl,https://www.npr.org/2021/05/11/995936257/meet-americas-newest-chess-master-10-year-old-tanitoluwa-adewumi,218,temporarycreature,5927,44.0,,8
181,181,9000 employees sick covid overwhelms arkansas workplaces,143,naw9ws,https://apnews.com/article/ar-state-wire-arkansas-philanthropy-health-coronavirus-pandemic-6f54f43a7f26cb34b70986a76a972160,41,i_love_anachronisms,143,45.0,,8
182,182,covid variant first detected india found 44 countries,53,najqd3,https://www.aljazeera.com/news/2021/5/12/covid-variant-first-detected-in-india-found-in-44-countries-who,6,FightorFlightRisk,53,46.0,,11
183,183,voyager spacecraft detects persistent hum beyond solar system abc17news,377,na3vtw,https://abc17news.com/news/national-world/2021/05/11/voyager-spacecraft-detects-persistent-hum-beyond-our-solar-system/,80,LEMental,377,47.0,,11
184,184,judge rules victims 1971 belfast shooting innocent,128,na6lr8,https://apnews.com/article/belfast-europe-shootings-government-and-politics-d0e8cea8492f0b07d336aae39f6a5ac6,1,ExcitingPush,128,48.0,,9
185,185,county court judgment boris johnson record shows,17,narc05,https://www.bbc.co.uk/news/uk-politics-57087274.amp,2,murdered800times,17,49.0,,8
186,186,unemployed americans thought theyd receive benefits september aid jeopardy,685,na6zty,https://www.cnbc.com/2021/05/11/unemployed-americans-worry-about-getting-cut-off-from-benefits-early-.html,595,trackerpro,685,50.0,,14
187,187,time get back work idaho ending federal pandemic unemployment benefits,261,naa4ps,https://www.kxly.com/its-time-to-get-back-to-work-idaho-is-ending-federal-pandemic-unemployment-benefits/,307,essiemay7777777,261,51.0,,14
188,188,us envoy heading middle east urge calm israel palestinians,45,nau5g8,https://www.nytimes.com/2021/05/12/world/middleeast/israel-palestinians-us-blinken.html,40,Hillick,45,52.0,,16
189,189,nj superintendent apologizes meir kahane heritage month gaffe,0,navsd1,https://forward.com/fast-forward/469409/nj-superintendent-apologizes-for-meir-kahane-heritage-month-gaffe/,0,AngelaMotorman,0,53.0,,9
190,190,israel says killed hamas commanders,46,nantlu,https://apnews.com/article/middle-east-israel-3a1c810bc2c08023543c911635cc83cf,88,AllYouveGot,46,54.0,,7
191,191,jobs report boom wasnt,3,naxsg4,https://www.nytimes.com/2021/05/07/upshot/jobs-report-surprise.html,0,ken_briggs610,3,55.0,,7
192,192,met officer stole rival gangs drugs cash fake police raids,29,nawn6z,https://www.theguardian.com/uk-news/2021/may/12/met-officer-stole-rival-gangs-drugs-cash-in-fake-police-raids,4,Hillick,29,56.0,,11
193,193,hospitals across india report covid19 patients rare deadly black fungus decays brains lungs,91,na0utf,https://www.cityam.com/covid-19-patients-across-india-hit-by-deadly-black-fungus-that-decays-brains-and-lungs/,49,likerofgoodthings,91,57.0,,16
194,194,florida teacher gets 15 years recording naked girls,3811,n9wrcs,https://abcnews.go.com/US/wireStory/florida-teacher-15-years-recording-naked-girls-77620361,465,Raven202,3811,58.0,,9
195,195,chipotle hike wages debut referral bonuses attempt hire 20000 workers,11282,n99irq,https://www.cnbc.com/2021/05/10/chipotle-to-hike-wages-debut-referral-bonuses-amid-tight-labor-market.html,1399,epraider,11282,59.0,,13
196,196,real water faces lawsuit 5yearold girl gets seriously ill excruciating,139,na3goc,https://www.cbsnews.com/news/real-water-recall-lawsuit/,29,firig1965,139,60.0,,13
197,197,70k boxing fans att stadium may biggest indoor event since pandemic began,45,nafiaz,https://www.nbcdfw.com/news/coronavirus/70000-boxing-fans-converge-on-att-stadium-may-be-biggest-indoor-event-since-pandemic/2627154/?amp,30,stevexrockwellx,45,61.0,,14
198,198,chemical giants hid dangers forever chemicals food packaging,2908,napsjj,https://www.theguardian.com/environment/2021/may/12/chemical-giants-hid-dangers-pfas-forever-chemicals-food-packaging-dupont,266,LateCheckIn,2908,62.0,,10
199,199,chicago gun pipeline traced three fort campbell soldiers,3532,naex5y,https://www.armytimes.com/news/your-army/2021/05/11/chicago-gun-pipeline-traced-to-three-fort-campbell-soldiers/,746,throwaway0152384,3532,63.0,,9
200,200,americans young 12 begin get vaccinated covid19 fdas authorization,101,najakn,https://us.cnn.com/2021/05/11/health/us-coronavirus-tuesday/index.html,19,pcaversaccio,101,64.0,,14
201,201,hamas israel step attacks jerusalem unrest ignites gaza,84,na1v83,https://www.reuters.com/world/middle-east/palestinian-rocket-fire-israeli-air-strikes-gaza-2021-05-11/,62,firig1965,84,65.0,,11
202,202,28yearold woman posed student sneaked high school promote instagram,29,nax5vs,https://www.nbcnews.com/news/us-news/28-year-old-woman-posed-student-sneaked-high-school-promote-n1267141,21,Hillick,29,66.0,,13
203,203,home prices still going almost everywhere across us,437,na7ja4,https://www.cnn.com/2021/05/11/homes/home-prices-rising-feseries/index.html,226,MoonshotHorizon,437,67.0,,11
204,204,goldman sachs executive quits making millions dogecoin,41356,naftyt,https://www.theguardian.com/technology/2021/may/11/goldman-sachs-executive-quits-after-making-millions-from-dogecoin,3443,getBusyChild,41356,68.0,,9
205,205,us millionaire ceos saw 29 pay raise workers pay decreased report,60578,n9ol89,https://www.theguardian.com/business/2021/may/11/us-millionaire-ceos-saw-29-pay-raises-while-workers-had-decreases-report-says,3489,very_excited,60578,69.0,,13
206,206,former nfl qb colt brennan dies 37 nbc sports,52,na42p0,https://profootballtalk.nbcsports.com/2021/05/11/former-nfl-qb-colt-brennan-dies-at-37/,7,holdncaul4,52,70.0,,11
207,207,firefighters fired kobe bryant helicopter crash scene photo scandal court docs say,200,nau939,https://www.nbcnews.com/news/us-news/firefighters-be-fired-kobe-bryant-helicopter-crash-scene-photo-scandal-n1267040,74,throwaway0152384,200,71.0,,15
208,208,least 35 killed gaza israel ramps airstrikes response rocket attacks,783,nafjzx,https://www.cnn.com/2021/05/11/middleeast/israel-gaza-airstrikes-rockets-intl/index.html,331,Timely_Signal1377,783,72.0,,16
209,209,fill plastic bags gasoline us warns shortages grow,20,naxih6,https://www.reuters.com/business/energy/do-not-fill-plastic-bags-with-gasoline-us-warns-shortages-grow-2021-05-12/,13,AgainstSomeLogic,20,73.0,,12
210,210,man 26 arrested tiger found roaming houston suburb,420,nalqe0,https://www.theguardian.com/us-news/2021/may/11/houston-tiger-man-arrested-victor-hugo-cuevas,59,thewholedamnplanet,420,74.0,,10
211,211,colonial pipeline posted cyber security manager job weeks attack,24,nax4ad,https://www.cnn.com/2021/05/12/tech/colonial-pipeline-cyber-security-manager-job-search/index.html,5,Illustrious_Welder94,24,75.0,,12
212,212,cdc advisers endorse pfizer vaccine children ages 12 15,16,nawxrk,https://www.nytimes.com/2021/05/12/health/coronavirus-vaccine-children.html?referringSource=articleShare,0,Gerrik_Aldent,16,76.0,,11
213,213,1 million people sign affordable care act coverage biden reopens exchange,72549,n9wtwd,https://www.cnn.com/2021/05/11/politics/affordable-care-act-sign-ups/index.html,4110,StatistUnion,72549,77.0,,14
214,214,hackers paralyzed pipeline banks stock exchanges even bigger targets,17,naxifv,https://edition.cnn.com/2021/05/12/business/ransomware-attacks-banks-stock-exchanges/index.html,3,WebLinkr,17,78.0,,12
215,215,norman lloyd tributes paid hitchcock st elsewhere actor following death 106,142,nakl6l,https://www.bbc.com/news/entertainment-arts-57084522,3,spinning_carousel,142,79.0,,15
216,216,first largescale us offshore wind farm receives federal approval,1204,nabhqs,https://www.aljazeera.com/news/2021/5/11/first-large-scale-us-offshore-wind-farm-receives-federal-approval,57,Apxm,1204,80.0,,9
217,217,us man faces domestic terror probe tied racist extremism,191,n9uc8j,https://apnews.com/article/gun-politics-race-and-ethnicity-government-and-politics-f0d967b211871cf0c76426a43a6c3506,37,thewholedamnplanet,191,81.0,,10
218,218,hernando de soto bridgei40 bridge closed indefinitely crack discovered structure,108,nafv45,https://www.wmcactionnews5.com/2021/05/11/emergency-roadwork-shutdowns-i-bridge/,54,tangilizer,108,82.0,,12
219,219,bodies bihar dumped ambulances floating corpses count 71,173,n9xvx6,https://www.ndtv.com/india-news/71-bodies-washed-up-bihar-officials-reject-no-logs-for-cremation-talk-2439640?pfrom=home-ndtv_topscroll,20,baavramallah,173,83.0,,11
220,220,jeff bezos buys 500m superyacht big comes support yacht,8355,n9ymew,https://www.independent.co.uk/news/business/jeff-bezos-amazon-superyacht-pandemic-b1845278.html,2150,powerfulphotography,8355,84.0,,13
221,221,soccer title celebrations marred fans clash riot police,16,nalw0j,https://whbl.com/2021/05/12/soccer-sporting-title-celebrations-marred-as-fans-clash-with-riot-police/,1,Jean_Zombi,16,85.0,,10
222,222,russianspeaking cyber gang threatens release washington police data,1494,na1twc,https://www.theguardian.com/technology/2021/may/11/washington-police-hack-russian-speaking-babuk-gang,188,Hillick,1494,86.0,,9
223,223,panel suggests power stop pandemics,39,namb62,https://abcn.ws/2RGGYTT,21,AsYooouWish,39,87.0,,10
224,224,homeless man wins 150k judge tosses st louis county antipanhandling ordinances,5582,nafomz,http://www.maryvilleforum.com/news/state_news/homeless-man-wins-150k-and-judge-tosses-out-st-louis-county-anti-panhandling-ordinances/article_47211287-6a47-558c-a245-7f03b592e864.html,586,brianh5,5582,88.0,,13
225,225,oregon extends covid workplace mask rule indefinitely,113,nau3xc,https://abcnews.go.com/Health/wireStory/oregon-extends-covid-workplace-mask-rule-indefinitely-77495119,53,ohineedascreenname,113,89.0,,7
226,226,vatican warns us bishops denying communion supporters abortion rights,476,n9yt9e,https://www.npr.org/2021/05/11/995796836/vatican-warns-u-s-bishops-about-denying-communion-to-supporters-of-abortion-righ,104,misana123,476,90.0,,12
227,227,brett favre owes mississippi 600000 speaking fees events never attended officials say,695,natg42,https://www.nbcnews.com/news/us-news/brett-favre-owes-mississippi-600-000-speaking-fees-events-he-n1267066,87,Bream1000,695,91.0,,15
228,228,indicted parkland school superintendent gets 740k severance,529,na4gut,https://abcnews.go.com/US/wireStory/indicted-florida-school-superintendent-740k-severance-77626817?cid=clicksource_4380645_6_heads_posts_headlines_hed,115,PandaMuffin1,529,92.0,,7
229,229,army fake fans boosts chinas messaging twitter,3528,n9ufjy,https://apnews.com/article/world-news-ap-top-news-technology-united-kingdom-middle-east-62b13895aa6665ae4d887dcc8d196dfc,500,abstlouis96,3528,93.0,,9
230,230,classifies triplemutant covid variant india global health risk,43338,n99m8j,https://www.cnbc.com/amp/2021/05/10/who-classifies-triple-mutant-covid-variant-from-india-as-global-health-risk-.html?__twitter_impression=true,3407,Faruyazy,43338,94.0,,11
231,231,renewables grew fastest rate two decades last year iea says new report,71,nad96k,https://www.cnbc.com/2021/05/11/renewables-grew-at-fastest-rate-in-two-decades-last-year-iea-says-in-new-report.html,5,NineteenEighty9,71,95.0,,15
232,232,israel hamas heading towards fullscale war clashes intensify,582,naph15,https://www.standard.co.uk/news/world/israel-emergency-lod-rioting-conflict-palestinian-militants-israeli-forces-intensifies-b934619.html,307,brashendeavors,582,96.0,,10
233,233,norman lloyd dies st elsewhere actor whose screen career began hitchcocks saboteur 106,94,na7yga,https://deadline.com/2021/05/norman-lloyd-dead-st-elsewhere-actor-1234754280/,3,DemiFiendRSA,94,97.0,,15
234,234,us imposes sanctions seven lebanese men connected hezbollah,35,na8fq9,https://www.aljazeera.com/news/2021/5/11/us-imposes-sanctions-on-seven-lebanese-men-connected-to-hezbollah,2,vokiel,35,98.0,,10
235,235,us deaths hit lowest level 10 months,3,nay0iq,https://apnews.com/article/coronavirus-pandemic-health-8c08a951537eb522ffb69236bef96766?utm_source=Twitter&utm_medium=AP&utm_campaign=SocialFlow&s=09,0,ExactlySorta,3,99.0,,8
236,236,white house condemns attacks israel calls coexistence jerusalem,79,nagd5i,https://www.reuters.com/world/middle-east/white-house-condemns-ongoing-rocket-attacks-by-hamas-against-israel-2021-05-11/,111,Satanifer,79,100.0,,11
237,237,queens man indicted hate crime charge allegedly attacking asian woman flushing bakery,251,na8ihl,https://qns.com/2021/05/queens-man-indicted-on-hate-crime-charge-for-allegedly-attacking-asian-woman-in-flushing-bakery/,34,throwaway0152384,251,101.0,,15
238,238,least 35 killed gaza israel ramps airstrikes response rocket attacks,77,najauk,https://edition.cnn.com/2021/05/11/middleeast/israel-gaza-airstrikes-rockets-intl/index.html,45,bustead,77,102.0,,16
239,239,trillions brood x cicadas move closer emergence soil temperatures rise,158,na9oi4,https://www.theguardian.com/environment/2021/may/11/trillions-brood-x-cicadas-soil-temperatures,31,throwaway0152384,158,103.0,,13
240,240,fda permits use pfizerbiontech covid vaccine kids ages 12 15,4308,n9gagm,https://www.cnbc.com/2021/05/10/pfizer-covid-vaccine-fda-clears-use-in-kids-ages-12-to-15.html,563,cyclinginvancouver,4308,104.0,,14
241,241,county approves teacher pay raise rejects raise schools director,4476,na0c34,https://clarksvillenow.com/local/county-approves-teacher-pay-raise-rejects-raise-for-schools-director/,159,Ocean_Beast,4476,105.0,,10
242,242,anthony johnson arrested charged identity theft following bellator win mohegan sun,42,na5ecl,https://www.mmamania.com/2021/5/11/22430879/ufc-anthony-johnson-arrested-charged-identity-theft-following-bellator-win-mohegan-sun-mma,8,holdncaul4,42,106.0,,13
243,243,second oregon police officer indicted incident involving black lives matter flag,1115,na7syx,https://www.nbcnews.com/news/us-news/second-oregon-police-officer-indicted-over-incident-involving-black-lives-n1267014,67,GQveracity,1115,107.0,,12
244,244,calls grow un investigation seafarer rights violations covid,34,naa2cc,https://www.nautilusint.org/en/news-insight/news/calls-grow-for-un-investigation-of-seafarer-rights-violations-during-covid/,0,Redditneedstodie69,34,108.0,,11
245,245,eritrean troops disguised ethiopian military blocking critical aid tigray,49,nalk2f,https://www.cnn.com/2021/05/12/africa/tigray-axum-aid-blockade-cmd-intl/index.html,4,Steamboated-,49,109.0,,12
246,246,drug overdoses skyrocket washington state amid covid,426,n9tpgc,https://abcnews.go.com/Health/wireStory/washington-state-trend-drug-deaths-virus-77607021?cid=clicksource_4380645_1_heads_hero_live_headlines_hed,203,Apxm,426,110.0,,8
247,247,israeli air strike destroys gaza tower block,338,na47s3,https://www.aljazeera.com/news/2021/5/11/israel-strikes-down-tower-in-gaza-prompting-hamas-response,278,throwaway0152384,338,111.0,,7
248,248,police advise los alamitos school board go virtual anger grows social justice debate,113,nap1nm,https://www.ocregister.com/2021/05/10/police-advise-los-alamitos-school-board-to-go-virtual-as-anger-grows-in-social-justice-debate/,46,pomonamike,113,112.0,,16
249,249,tenn girl pleads guilty killing uber eats driver,121,na0s98,"https://wtop.com/dc/2021/05/teen-girl-pleads-guilty-to-killing-uber-eats-driver-near-nats-park/#:~:text=App%20%7C%20103.5%20FM-,A%20teenage%20girl%20is%20preparing%20for%20sentencing%20next%20month%20after,Superior%20Court%20spokeswoman%20Claire%20Huber.",41,JamesKBoyd,121,113.0,,9
250,250,suit challenges restaurant aid priority women minorities,11,naw5uu,https://abcnews.go.com/US/wireStory/suit-challenges-restaurant-aid-priority-women-minorities-77650760,10,throwaway0152384,11,114.0,,8
251,251,despite fda approval schools say wont mandate covid vaccinations,846,n9wase,https://www.cnbc.com/2021/05/11/despite-fda-approval-of-covid-vaccine-for-kids-some-schools-will-not-mandate-vaccinations.html,436,Raven202,846,115.0,,11
252,252,search 2yearold homicide investigation las vegas police say,109,nadk08,https://www.ktnv.com/news/las-vegas-police-to-share-update-on-search-for-missing-2-year-old-boy,11,zsalzman12,109,116.0,,10
253,253,us energy secretary need hoard fuel pipeline outage,198,na5lwh,https://www.reuters.com/business/energy/us-energy-secretary-no-need-hoard-fuel-after-pipeline-outage-2021-05-11/,105,Spirited-Pause,198,117.0,,11
254,254,drivers start scrambling gas pipeline shutdown continues,87,nabsg6,https://www.cbsnews.com/news/colonial-pipeline-ransomware-gas-lines-shortages-price-rises/,62,stealthVault,87,118.0,,9
255,255,antiasian hate incident reports nearly doubled march new data says,125,nac8r7,https://www.nbcnews.com/news/asian-america/anti-asian-hate-incident-reports-nearly-doubled-march-new-data-n1266980,28,bustead,125,119.0,,11
256,256,us pressure mexico orders gm repeat worker vote,161,nanox0,https://www.aljazeera.com/economy/2021/5/12/under-us-pressure-mexico-orders-gm-to-repeat-worker-vote,10,vokiel,161,120.0,,10
257,257,us covid19 deaths hit lowest level 10 months,212,nauwvd,https://www.pbs.org/newshour/health/u-s-covid-19-deaths-hit-lowest-level-in-10-months,50,temporarycreature,212,121.0,,9
258,258,judge dismisses nras bankruptcy petition allowing new york ag lawsuit move forward,2362,nap3jc,https://edition.cnn.com/2021/05/11/politics/national-rifle-association-bankruptcy/index.html,130,AoiTopGear,2362,122.0,,13
259,259,national rifle association cannot use bankruptcy reorganize gunfriendly texas federal judge dallas ruled tuesday handing defeat influential firearms rights group facing effort dissolve new york state,62101,na5ojz,https://news.trust.org/item/20210511181533-nqv5i/,2342,Illustrious_Welder94,62101,123.0,,41
260,260,40 attorneys general urge facebook stop plans instagram kids,73551,n9exq0,https://www.cnn.com/2021/05/10/tech/facebook-instagram-for-kids-attorneys-general/index.html,2818,Illustrious_Welder94,73551,124.0,,15
261,261,uber lyft offer free rides covid19 vaccination sites,65,nabs96,https://www.cnet.com/health/uber-lyft-will-offer-free-rides-to-covid-19-vaccination-sites/,14,Apxm,65,125.0,,10
262,262,gas stations run dry cyberattack paralyzes americas biggest pipeline days come,654,na08mo,https://financialpost.com/commodities/energy/oil-gas/gas-stations-run-dry-as-pipeline-hacking-will-take-days-to-fix,291,TheColorOfDeadMen,654,126.0,,14
263,263,disney pay star wars novelists alan dean foster,1531,nac2qk,https://bleedingcool.com/comics/disney-pay-star-wars-novelists-alan-dean-foster/,118,boringhistoryfan,1531,127.0,,11
264,264,us official says covid booster shots also free public,22331,na0w1e,https://www.cnbc.com/2021/05/11/us-official-says-covid-booster-shots-will-also-be-free-to-the-public-.html,1255,Hillick,22331,128.0,,13
265,265,zero covid deaths england scotland ni today,9793,n990i6,https://www.bbc.co.uk/news/health-57055340,299,TVaddictpanda,9793,129.0,,9
266,266,bro robbed everyone 3 nypd officers charged bribe scheme,3934,na3ij9,https://www.nytimes.com/2021/05/11/nyregion/nypd-officers-arrested-bribes.html,177,todayilearned83,3934,130.0,,11
267,267,man accused atlantaarea spa shootings indicted murder charges also faces hate crime charges death penalty,1219,na38w5,https://abcnews.go.com/US/wireStory/man-accused-atlanta-area-spa-shootings-indicted-murder-77626420,157,Hillick,1219,131.0,,18
268,268,staggering legal fees boy scouts bankruptcy case,101,na33dj,https://www.nytimes.com/2021/05/11/us/boy-scouts-bankruptcy-legal-fees.html?smtyp=cur&smid=fb-nytimes&fbclid=IwAR0B6DMkM_49Ro91dVT0AHxnJu4-MyL3HtkB-AhqzajEbHkr54cOaSeSVwc,48,brahbocop,101,132.0,,8
269,269,search 2yearold homicide investigation las vegas police say,99,nadk08,https://www.ktnv.com/news/las-vegas-police-to-share-update-on-search-for-missing-2-year-old-boy,11,zsalzman12,99,133.0,0.0,8
270,270,calls grow un investigation seafarer rights violations covid,36,naa2cc,https://www.nautilusint.org/en/news-insight/news/calls-grow-for-un-investigation-of-seafarer-rights-violations-during-covid/,0,Redditneedstodie69,36,134.0,1.0,8
271,271,eritrean troops disguised ethiopian military blocking critical aid tigray,28,nalk2f,https://www.cnn.com/2021/05/12/africa/tigray-axum-aid-blockade-cmd-intl/index.html,1,Steamboated-,28,135.0,2.0,9
272,272,israel hits gaza airstrikes hamas increases rocket fire,46,n9xebx,https://www.nytimes.com/2021/05/11/world/middleeast/israel-gaza-airstrikes.html,34,Afrin_Drip,46,136.0,3.0,8
273,273,pregnant doctor loses battle covid husband shares last video message,194,nakchu,https://www.ndtv.com/india-news/coronavirus-pregnant-doctor-dimple-arora-chawla-loses-battle-to-covid-husband-ravish-chawla-shares-her-last-video-message-2440111,16,cerebrumInfotech123,194,137.0,4.0,10
274,274,norman lloyd tributes paid hitchcock st elsewhere actor following death 106,94,nakl6l,https://www.bbc.com/news/entertainment-arts-57084522,2,spinning_carousel,94,138.0,5.0,11
275,275,trillions brood x cicadas move closer emergence soil temperatures rise,142,na9oi4,https://www.theguardian.com/environment/2021/may/11/trillions-brood-x-cicadas-soil-temperatures,30,throwaway0152384,142,139.0,6.0,10
276,276,israel hamas heading towards fullscale war clashes intensify,52,naph15,https://www.standard.co.uk/news/world/israel-emergency-lod-rioting-conflict-palestinian-militants-israeli-forces-intensifies-b934619.html,45,brashendeavors,52,140.0,7.0,8
277,277,soccer title celebrations marred fans clash riot police,17,nalw0j,https://whbl.com/2021/05/12/soccer-sporting-title-celebrations-marred-as-fans-clash-with-riot-police/,1,Jean_Zombi,17,141.0,8.0,8
278,278,suspect accused hurling antiasian slurs assaulting employee arlington restaurant caught,1452,nac16q,https://www.fox5dc.com/news/suspect-accused-of-hurling-anti-asian-slurs-assaulting-employee-at-arlington-restaurant-caught,101,throwaway0152384,1452,142.0,9.0,10
279,279,us ship fires 30 warning shots iranian vessels approach fleet,1276,n9dx8w,https://www.theguardian.com/us-news/2021/may/10/iran-navy-us-coast-guard-warning-shots,369,Steelwolf73,1276,143.0,10.0,10
280,280,volkswagen plans selfdriving electric microbus argo ai 2025,1,naqy0y,https://www.cnbc.com/2021/05/12/volkswagen-plans-self-driving-electric-microbus-with-argo-ai-by-2025.html,0,KymeStar,1,144.0,11.0,8
281,281,judge rules victims 1971 belfast shooting innocent,121,na6lr8,https://apnews.com/article/belfast-europe-shootings-government-and-politics-d0e8cea8492f0b07d336aae39f6a5ac6,1,ExcitingPush,121,145.0,12.0,7
282,282,eu court rejects order amazon pay back 300 million taxes,119,naluta,https://www.cnbc.com/2021/05/12/eu-court-rejects-an-order-for-amazon-to-pay-back-300-million-in-taxes.html,16,goforth1457,119,146.0,13.0,10
283,283,women unfairly hired meet queensland police gender targets corruption watchdog finds,152,najg8c,https://www.abc.net.au/news/2021-05-12/queensland-police-recruiting-women-crime-corruption-report/100133594,25,Fraggle_Me_Rock,152,147.0,14.0,11
284,284,tacoma man says stabbed asking someone wear mask,2203,nab3az,https://www.kiro7.com/news/local/tacoma-man-says-he-was-stabbed-after-asking-someone-wear-mask/BJYA2J5XSFHPVAUTOTYDRCPITM/,441,DICK-FUCK-PUSSY-SUCK,2203,148.0,15.0,8
285,285,zachary wester trial day 3 witnesses testify former deputys drugplanting case,9,naqwtm,https://www.tallahassee.com/story/news/local/2021/05/12/zachary-wester-trial-watch-live-day-3-updates-johnson-county-deputy-drug-planting/4930531001,0,cabridges,9,149.0,17.0,11
286,286,woman pushed onto dublin train tracks youths,85,naiojh,https://www.irishpost.com/news/fresh-footage-emerges-of-young-woman-being-pushed-onto-dublin-train-tracks-by-group-of-youths-211900,14,sparklerarara,85,150.0,18.0,7
287,287,ruling paves way longer sentence george floyds death,28,napudf,https://apnews.com/article/78a698283afd3fcd3252de512e395bd6,6,REDWlNELOVER,28,151.0,19.0,8
288,288,covid variant first detected india found 44 countries,41,najqd3,https://www.aljazeera.com/news/2021/5/12/covid-variant-first-detected-in-india-found-in-44-countries-who,6,FightorFlightRisk,41,152.0,20.0,8
289,289,least 9 killed russia school shooting,145,n9rm6t,https://www.themoscowtimes.com/2021/05/11/at-least-9-killed-in-russia-school-shooting-reports-a73851,26,zxcv1992,145,153.0,21.0,6
290,290,americans young 12 begin get vaccinated covid19 fdas authorization,57,najakn,https://us.cnn.com/2021/05/11/health/us-coronavirus-tuesday/index.html,13,pcaversaccio,57,154.0,23.0,9
291,291,police advise los alamitos school board go virtual anger grows social justice debate,40,nap1nm,https://www.ocregister.com/2021/05/10/police-advise-los-alamitos-school-board-to-go-virtual-as-anger-grows-in-social-justice-debate/,19,pomonamike,40,155.0,24.0,13
292,292,renewables grew fastest rate two decades last year iea says new report,71,nad96k,https://www.cnbc.com/2021/05/11/renewables-grew-at-fastest-rate-in-two-decades-last-year-iea-says-in-new-report.html,4,NineteenEighty9,71,156.0,25.0,12
293,293,huntsville police officer convicted murder paid leave,1492,n9iqvh,https://www.waff.com/2021/05/10/huntsville-police-officer-convicted-murder-paid-leave/,163,Toadfinger,1492,157.0,26.0,7
294,294,st cloud coresponder team pairs officer social worker,26,na4kqy,https://wjon.com/st-cloud-co-responder-team-pairs-officer-with-social-worker/?fbclid=IwAR2STX5vGyT90DiSPKui6MF9sslDLxf1uP-IyvEOfbt1B7EKrYqg2S-8lcE,3,-my-reddit-account,26,158.0,28.0,8
295,295,covid19 pet boom veterinarians backlogged burned,78,napj3i,https://apnews.com/article/lifestyle-pets-coronavirus-pandemic-business-health-5047e430ce612609e8e21f557c60b900,2,brashendeavors,78,159.0,29.0,6
296,296,shrunken head amazonian warrior return ecuador,45,nao6bj,https://www.nbcnews.com/science/science-news/display-ceremonial-head-returning-amazon-rcna884,8,pileodung,45,160.0,30.0,6
297,297,death toll rises air strikes gaza rocket fire israel reuters,38,nanyfr,https://www.reuters.com/world/middle-east/35-killed-gaza-3-israel-violence-escalates-2021-05-12/,1,adminsare200iq,38,161.0,31.0,10
298,298,white house condemns attacks israel calls coexistence jerusalem,60,nagd5i,https://www.reuters.com/world/middle-east/white-house-condemns-ongoing-rocket-attacks-by-hamas-against-israel-2021-05-11/,91,Satanifer,60,162.0,33.0,8
299,299,homeless man wins 150k judge tosses st louis county antipanhandling ordinances,4307,nafomz,http://www.maryvilleforum.com/news/state_news/homeless-man-wins-150k-and-judge-tosses-out-st-louis-county-anti-panhandling-ordinances/article_47211287-6a47-558c-a245-7f03b592e864.html,416,brianh5,4307,163.0,34.0,11
300,300,classifies triplemutant covid variant india global health risk,43331,n99m8j,https://www.cnbc.com/amp/2021/05/10/who-classifies-triple-mutant-covid-variant-from-india-as-global-health-risk-.html?__twitter_impression=true,3407,Faruyazy,43331,164.0,36.0,8
301,301,gas stations run dry cyberattack paralyzes americas biggest pipeline days come,640,na08mo,https://financialpost.com/commodities/energy/oil-gas/gas-stations-run-dry-as-pipeline-hacking-will-take-days-to-fix,286,TheColorOfDeadMen,640,165.0,38.0,11
302,302,us fuel supplies tighten energy pipeline outage enters fifth day,3016,n9wusb,https://www.reuters.com/business/energy/us-fuel-supplies-tighten-energy-pipeline-outage-enters-fifth-day-2021-05-11/,964,crispy_attic,3016,166.0,40.0,10
303,303,15 months ahmaud arberys death georgia repeals citizens arrest law npr,628,nalqvn,https://www.npr.org/2021/05/11/995835333/in-ahmaud-arberys-name-georgia-repeals-citizens-arrest-law,51,thewholedamnplanet,628,167.0,41.0,11
304,304,gas stations southeast run gas people panicbuy fuel,217,nap01v,https://www.cnn.com/2021/05/12/business/gas-shortage-colonial-pipeline/index.html,136,ReallyJustTheFacts,217,168.0,42.0,8
305,305,time get back work idaho ending federal pandemic unemployment benefits,237,naa4ps,https://www.kxly.com/its-time-to-get-back-to-work-idaho-is-ending-federal-pandemic-unemployment-benefits/,280,essiemay7777777,237,169.0,43.0,10
306,306,meet americas newest chess master 10yearold tanitoluwa adewumi,4228,naetkl,https://www.npr.org/2021/05/11/995936257/meet-americas-newest-chess-master-10-year-old-tanitoluwa-adewumi,151,temporarycreature,4228,170.0,45.0,8
307,307,epa issues fuel waiver alleviate gas shortages pipeline hack,66,na16co,https://www.theguardian.com/business/2021/may/11/us-pipeline-hack-gas-shortages?utm_term=Autofeed&CMP=edit_2221&utm_medium=Social&utm_source=Twitter#Echobox=1620750345,22,temporarycreature,66,171.0,46.0,9
308,308,man 26 arrested tiger found roaming houston suburb,135,nalqe0,https://www.theguardian.com/us-news/2021/may/11/houston-tiger-man-arrested-victor-hugo-cuevas,21,thewholedamnplanet,135,172.0,49.0,8
309,309,hernando de soto bridgei40 bridge closed indefinitely crack discovered structure,95,nafv45,https://www.wmcactionnews5.com/2021/05/11/emergency-roadwork-shutdowns-i-bridge/,46,tangilizer,95,173.0,50.0,10
310,310,chemical giants hid dangers forever chemicals food packaging,181,napsjj,https://www.theguardian.com/environment/2021/may/12/chemical-giants-hid-dangers-pfas-forever-chemicals-food-packaging-dupont,16,LateCheckIn,181,174.0,52.0,8
311,311,zero covid deaths england scotland ni today,9780,n990i6,https://www.bbc.co.uk/news/health-57055340,297,TVaddictpanda,9780,175.0,53.0,7
312,312,panel suggests power stop pandemics,28,namb62,https://abcn.ws/2RGGYTT,13,AsYooouWish,28,176.0,54.0,5
313,313,evidence pfizer vaccine needs updating variants says biontech,1202,n9fhyn,https://www.thejournal.ie/no-evidence-pfizer-vaccine-update-variants-5433235-May2021/,177,Superpowers810,1202,177.0,55.0,8
314,314,florida teacher gets 15 years recording naked girls,3779,n9wrcs,https://abcnews.go.com/US/wireStory/florida-teacher-15-years-recording-naked-girls-77620361,457,Raven202,3779,178.0,56.0,8
315,315,extremely canadian case fence post theft leads beaver dam saskatchewan,65,nai4cj,https://globalnews.ca/news/7853542/fence-post-beaver-dam-saskatchewan/,7,westcoastcdn19,65,179.0,59.0,10
316,316,army fake fans boosts chinas messaging twitter,3513,n9ufjy,https://apnews.com/article/world-news-ap-top-news-technology-united-kingdom-middle-east-62b13895aa6665ae4d887dcc8d196dfc,500,abstlouis96,3513,180.0,61.0,7
317,317,biden picks exchicago mayor rahm emanuel us ambassador japan,31,na4osr,https://www.theguardian.com/us-news/2021/may/11/biden-rahm-emanuel-us-ambassador-japan,43,PlayerNozick,31,181.0,62.0,9
318,318,vesuvius ancient eruption rescuer identified herculaneum says expert,105,n9x72p,https://www.bbc.com/news/world-europe-57055163,6,promotmyccontents,105,182.0,64.0,8
319,319,goldman sachs executive quits making millions dogecoin,32311,naftyt,https://www.theguardian.com/technology/2021/may/11/goldman-sachs-executive-quits-after-making-millions-from-dogecoin,2631,getBusyChild,32311,183.0,65.0,7
320,320,queens man indicted hate crime charge allegedly attacking asian woman flushing bakery,231,na8ihl,https://qns.com/2021/05/queens-man-indicted-on-hate-crime-charge-for-allegedly-attacking-asian-woman-in-flushing-bakery/,31,throwaway0152384,231,184.0,66.0,12
321,321,norman lloyd dies st elsewhere actor whose screen career began hitchcocks saboteur 106,95,na7yga,https://deadline.com/2021/05/norman-lloyd-dead-st-elsewhere-actor-1234754280/,3,DemiFiendRSA,95,185.0,68.0,13
322,322,scramble new fuel routes colonial pipeline hack,6,naqzl1,https://apnews.com/article/europe-government-and-politics-technology-business-938b33938fe3a750367fb1dc2f7ce6e0,0,LookAtMePlease9,6,186.0,70.0,7
323,323,us pressure mexico orders gm repeat worker vote,63,nanox0,https://www.aljazeera.com/economy/2021/5/12/under-us-pressure-mexico-orders-gm-to-repeat-worker-vote,7,vokiel,63,187.0,71.0,8
324,324,least 35 killed gaza israel ramps airstrikes response rocket attacks,64,najauk,https://edition.cnn.com/2021/05/11/middleeast/israel-gaza-airstrikes-rockets-intl/index.html,37,bustead,64,188.0,74.0,10
325,325,indias covid deaths cross quarter million mark sign peak,65,naj312,https://www.reuters.com/world/india/indias-covid-deaths-cross-quarter-million-mark-no-sign-peak-2021-05-12/,10,DavidofSasun,65,189.0,76.0,9
326,326,second oregon police officer indicted incident involving black lives matter flag,1046,na7syx,https://www.nbcnews.com/news/us-news/second-oregon-police-officer-indicted-over-incident-involving-black-lives-n1267014,59,GQveracity,1046,190.0,79.0,11
327,327,minnesota judge ruled aggravating factors death george floyd paving way longer sentence derek chauvin according order made public wednesday,542,napgk2,https://apnews.com/article/george-floyd-death-of-george-floyd-78a698283afd3fcd3252de512e395bd6,47,Illustrious_Welder94,542,191.0,81.0,19
328,328,inflation surges april consumer prices leap 42 fastest since 2008,1157,nanzn9,https://www.cnbc.com/2021/05/12/consumer-price-index-april-2021.html,377,Sharper133,1157,192.0,85.0,10
329,329,cameroon jails transgender women attempted homosexuality,316,nanlyt,https://www.bbc.com/news/world-africa-57085664,40,clarahylton,316,193.0,86.0,6
330,330,uber lyft offer free rides covid19 vaccination sites,60,nabs96,https://www.cnet.com/health/uber-lyft-will-offer-free-rides-to-covid-19-vaccination-sites/,14,Apxm,60,194.0,89.0,8
331,331,lamont nursing home union cts last best offer governor taps national guard ready event strike friday,26,nae95l,https://ctmirror.org/2021/05/11/lamont-taps-ct-national-guard-to-be-ready-in-event-of-nursing-home-strike/,17,hugeposuer,26,195.0,91.0,16
332,332,man arrested houston tiger seen lawn whereabouts animal known,2060,n9u00e,https://www.nbcnews.com/news/us-news/man-who-fled-tiger-houston-arrested-whereabouts-animal-not-known-n1266901?cid=sm_npd_nn_tw_ma,238,sh0tgunben,2060,196.0,92.0,9
333,333,indian workers allege shocking violations building hindu temple new jersey,98,nagtdu,https://www.investing.com/news/stock-market-news/indian-workers-allege-shocking-violations-in-building-hindu-temple-in-new-jersey-2503271,8,nicelogin,98,197.0,96.0,10
334,334,hospitals across india report covid19 patients rare deadly black fungus decays brains lungs,84,na0utf,https://www.cityam.com/covid-19-patients-across-india-hit-by-deadly-black-fungus-that-decays-brains-and-lungs/,48,likerofgoodthings,84,198.0,98.0,13
335,335,escalating mideast violence bears hallmarks 2014 gaza war,1,nar9jr,https://apnews.com/article/united-nations-africa-gaza-middle-east-violence-cb885f54369c7f4799aff0d8e421212c,0,DerpDerper909,1,199.0,99.0,8
336,336,gay iranian man dead alleged honor killing rights group says,66,nalkco,https://www.nbcnews.com/feature/nbc-out/gay-iranian-man-dead-alleged-honor-killing-rights-group-says-n1266995?cid=sm_npd_nn_tw_ma,9,sh0tgunben,66,200.0,100.0,10
337,337,youtube pay 100 million people make popular videos tiktok competitor,41,nabyid,https://www.cnbc.com/2021/05/11/youtube-launches-100-million-fund-to-grow-tiktok-competitor-shorts.html,12,Apxm,41,201.0,102.0,10
338,338,chicago gun pipeline traced three fort campbell soldiers,2799,naex5y,https://www.armytimes.com/news/your-army/2021/05/11/chicago-gun-pipeline-traced-to-three-fort-campbell-soldiers/,591,throwaway0152384,2799,202.0,104.0,8
339,339,chernobyl today nuclear reactions happening chernobyl,391,n9kyw4,https://www.popularmechanics.com/science/energy/amp36364988/chernobyl-nuclear-reactions/?__twitter_impression=true,72,eicaker,391,203.0,105.0,6
340,340,drones test sow rain clouds face drought countries,10,nai7au,https://www.entrepreneur.com/article/371663,12,AnakinWayneII,10,204.0,111.0,8
341,341,inflation fears rise us consumer prices surge,58,napwgr,https://www.aljazeera.com/economy/2021/5/12/inflations-fears-rise-as-us-consumer-prices-surge,19,vokiel,58,205.0,114.0,7
342,342,us imposes sanctions seven lebanese men connected hezbollah,31,na8fq9,https://www.aljazeera.com/news/2021/5/11/us-imposes-sanctions-on-seven-lebanese-men-connected-to-hezbollah,2,vokiel,31,206.0,115.0,8
343,343,70k boxing fans att stadium may biggest indoor event since pandemic began,40,nafiaz,https://www.nbcdfw.com/news/coronavirus/70000-boxing-fans-converge-on-att-stadium-may-be-biggest-indoor-event-since-pandemic/2627154/?amp,19,stevexrockwellx,40,207.0,116.0,12
344,344,judge dismisses nras bankruptcy petition allowing new york ag lawsuit move forward,168,nap3jc,https://edition.cnn.com/2021/05/11/politics/national-rifle-association-bankruptcy/index.html,7,AoiTopGear,168,208.0,118.0,12
345,345,mother boy locked cage seattle school files lawsuit,599,n9n9h5,https://www.kuow.org/stories/mother-of-boy-locked-in-cage-at-seattle-school-files-lawsuit,107,Fuzier,599,209.0,120.0,8
346,346,unemployed americans thought theyd receive benefits september aid jeopardy,650,na6zty,https://www.cnbc.com/2021/05/11/unemployed-americans-worry-about-getting-cut-off-from-benefits-early-.html,520,trackerpro,650,210.0,123.0,9
347,347,gasoline demand spikes several states pipeline hack,99,nakxmk,https://www.cnn.com/2021/05/11/business/gas-shortage-demand-pipeline-hack/index.html,49,Ruggervt14,99,211.0,126.0,7
348,348,us energy secretary need hoard fuel pipeline outage,186,na5lwh,https://www.reuters.com/business/energy/us-energy-secretary-no-need-hoard-fuel-after-pipeline-outage-2021-05-11/,100,Spirited-Pause,186,212.0,128.0,8
349,349,drivers start scrambling gas pipeline shutdown continues,78,nabsg6,https://www.cbsnews.com/news/colonial-pipeline-ransomware-gas-lines-shortages-price-rises/,55,stealthVault,78,213.0,131.0,7
350,350,fda permits use pfizerbiontech covid vaccine kids ages 12 15,4312,n9gagm,https://www.cnbc.com/2021/05/10/pfizer-covid-vaccine-fda-clears-use-in-kids-ages-12-to-15.html,558,cyclinginvancouver,4312,214.0,133.0,10
351,351,fuel shortages worsen sixth day top us fuel pipeline outage,34,naqah2,https://www.reuters.com/business/energy/top-us-fuel-pipeline-edges-toward-reopening-gasoline-shortages-worsen-2021-05-12/,10,stealthVault,34,215.0,135.0,10
352,352,national rifle association cannot use bankruptcy reorganize gunfriendly texas federal judge dallas ruled tuesday handing defeat influential firearms rights group facing effort dissolve new york state,61440,na5ojz,https://news.trust.org/item/20210511181533-nqv5i/,2212,Illustrious_Welder94,61440,216.0,138.0,26
353,353,grief despair afghanistan neighbourhood buries girls killed bombings,485,n9u2q3,https://www.nbcnews.com/news/world/grief-despair-afghanistan-neighbourhood-it-buries-girls-killed-bombings-n1266781?cid=sm_npd_nn_tw_ma,52,sh0tgunben,485,217.0,140.0,8
354,354,alabama police officer convicted murder still gets paid,5459,na0yvc,https://www.wbrz.com/news/alabama-officer-convicted-of-murder-still-gets-paid,244,toshiro-mifune,5459,218.0,142.0,8
355,355,county approves teacher pay raise rejects raise schools director,4348,na0c34,https://clarksvillenow.com/local/county-approves-teacher-pay-raise-rejects-raise-for-schools-director/,154,Ocean_Beast,4348,219.0,148.0,9
356,356,ellen degeneres plans end talk show 2022 according report,14,naqur2,https://edition.cnn.com/2021/05/12/entertainment/ellen-degeneres/index.html,13,Star-spangled-Banner,14,220.0,151.0,9
357,357,former nfl qb colt brennan dies 37 nbc sports,52,na42p0,https://profootballtalk.nbcsports.com/2021/05/11/former-nfl-qb-colt-brennan-dies-at-37/,7,holdncaul4,52,221.0,155.0,9
358,358,ransomware attack pipeline pushes us gas prices nearly 3 gallon,599,n9rt9o,https://www.cbsnews.com/news/ransomware-attack-on-pipeline-propels-gas-to-near-3-a-gallon/,321,Apxm,599,222.0,157.0,10
359,359,police search cafe victim serial killer fred west,105,n9wpb1,https://www.bbc.co.uk/news/uk-england-gloucestershire-57070279,3,diggergig,105,223.0,165.0,8
360,360,theres new definition normal weather,1,nar4ha,https://www.nytimes.com/interactive/2021/05/12/climate/climate-change-weather-noaa.html,1,dookiea,1,224.0,167.0,5
361,361,california expands drought emergency covering 30 population,700,n9mk6v,https://www.cbsnews.com/news/california-expands-drought-emergency-covering-30-of-population/,214,invisiblefaction2,700,225.0,177.0,7
362,362,disney pay star wars novelists alan dean foster,1326,nac2qk,https://bleedingcool.com/comics/disney-pay-star-wars-novelists-alan-dean-foster/,95,boringhistoryfan,1326,226.0,179.0,8
363,363,indicted parkland school superintendent gets 740k severance,508,na4gut,https://abcnews.go.com/US/wireStory/indicted-florida-school-superintendent-740k-severance-77626817?cid=clicksource_4380645_6_heads_posts_headlines_hed,111,PandaMuffin1,508,227.0,181.0,7
364,364,stunning new images jupiter reveal atmosphere details different light,153,na9zi3,https://www.space.com/stunning-jupiter-photos-hubble-telescope-video,22,davidjschloss,153,228.0,184.0,9
365,365,clarksburg va serial killer sentenced seven life sentences murdering seven veterans insulin injection,1597,na77lr,https://www.wdtv.com/2021/05/11/clarksburg-va-serial-killer-sentenced-to-seven-life-sentences-for-murdering-seven-veterans-by-insulin-injection/,177,hammer_it_out,1597,229.0,190.0,13
366,366,bodies bihar dumped ambulances floating corpses count 71,177,n9xvx6,https://www.ndtv.com/india-news/71-bodies-washed-up-bihar-officials-reject-no-logs-for-cremation-talk-2439640?pfrom=home-ndtv_topscroll,20,baavramallah,177,230.0,194.0,8
367,367,russianspeaking cyber gang threatens release washington police data,1463,na1twc,https://www.theguardian.com/technology/2021/may/11/washington-police-hack-russian-speaking-babuk-gang,186,Hillick,1463,231.0,195.0,8
368,368,john mcafee close bankruptcy fights crypto fraud charges,308,nab0wk,https://www.cityam.com/john-mcafee-close-to-bankruptcy-as-he-fights-crypto-fraud-charges/,60,EVERWILDOUTDOORS,308,232.0,205.0,8
369,369,bro robbed everyone 3 nypd officers charged bribe scheme,3736,na3ij9,https://www.nytimes.com/2021/05/11/nyregion/nypd-officers-arrested-bribes.html,166,todayilearned83,3736,233.0,208.0,9
370,370,hindu sect accused using forced labor build nj temple,136,na536s,https://www.nytimes.com/2021/05/11/nyregion/nj-hindu-temple-india-baps.html,17,bhodrolok,136,234.0,212.0,9
371,371,chipotle hike wages debut referral bonuses attempt hire 20000 workers,11275,n99irq,https://www.cnbc.com/2021/05/10/chipotle-to-hike-wages-debut-referral-bonuses-amid-tight-labor-market.html,1395,epraider,11275,235.0,213.0,10
372,372,israel says killed hamas commanders,21,nantlu,https://apnews.com/article/middle-east-israel-3a1c810bc2c08023543c911635cc83cf,66,AllYouveGot,21,236.0,215.0,5
373,373,dunkin customer 77 fatally punched employee police,1214,na3zdu,https://www.nbcboston.com/news/national-international/police-dunkin-customer-77-fatally-punched-by-employee/2377432/?osource=sm_npd_nbc_bos_twt_mn,883,fbreaker,1214,237.0,218.0,7
374,374,israel declares emergency lod unrest spreads,40,nahrha,https://www.bbc.com/news/world-middle-east-57081848,5,FightorFlightRisk,40,238.0,221.0,6
375,375,staggering legal fees boy scouts bankruptcy case,99,na33dj,https://www.nytimes.com/2021/05/11/us/boy-scouts-bankruptcy-legal-fees.html?smtyp=cur&smid=fb-nytimes&fbclid=IwAR0B6DMkM_49Ro91dVT0AHxnJu4-MyL3HtkB-AhqzajEbHkr54cOaSeSVwc,46,brahbocop,99,239.0,224.0,7
376,376,first largescale us offshore wind farm receives federal approval,1069,nabhqs,https://www.aljazeera.com/news/2021/5/11/first-large-scale-us-offshore-wind-farm-receives-federal-approval,48,Apxm,1069,240.0,228.0,9
377,377,man accused atlantaarea spa shootings indicted murder charges also faces hate crime charges death penalty,1182,na38w5,https://abcnews.go.com/US/wireStory/man-accused-atlanta-area-spa-shootings-indicted-murder-77626420,143,Hillick,1182,241.0,236.0,15
378,378,reversing trump us restores transgender health protections,72319,n93gqc,https://apnews.com/article/77f297d88edb699322bf5de45a7ee4ff,4383,canadaoilguy,72319,242.0,259.0,7
379,379,county court judgment boris johnson record shows,2,narc05,https://www.bbc.co.uk/news/uk-politics-57087274.amp,0,murdered800times,2,243.0,260.0,7
380,380,instagram twitter blame glitches deleting palestinian posts,335,n9qjt2,https://news.trust.org/item/20210510165535-38v1l,96,ADotSapiens,335,244.0,303.0,7
381,381,distracted nurse gives woman 6 doses covid vaccine single shot,995,n9edtz,https://www.cbsnews.com/news/italy-covid-vaccine-woman-six-doses-distracted-nurse-pfizer-shot-tuscany/,336,PhilDesenex,995,245.0,319.0,10
382,382,virginia stations run gas pipeline shutdown continues,179,na1ooq,https://www.nbc12.com/2021/05/10/some-virginia-stations-run-out-gas-pipeline-shutdown-continues/,82,Sure-Ad7730,179,246.0,327.0,7
383,383,prosecutors recommend 17year sentence former green beret convicted spying russia,5664,n9dcmz,https://www.stripes.com/news/us/prosecutors-recommend-17-year-sentence-for-former-green-beret-convicted-of-spying-for-russia-1.672960,545,AudibleNod,5664,247.0,363.0,10
384,384,family see footage north carolina deputy shooting,312,n9u1f6,https://apnews.com/article/north-carolina-shootings-8f887641dd69ef6e2ae114ea27fb3176,22,Sanlear,312,248.0,375.0,7
385,385,40 attorneys general urge facebook stop plans instagram kids,73518,n9exq0,https://www.cnn.com/2021/05/10/tech/facebook-instagram-for-kids-attorneys-general/index.html,2845,Illustrious_Welder94,73518,249.0,376.0,9
386,386,us millionaire ceos saw 29 pay raise workers pay decreased report,60539,n9ol89,https://www.theguardian.com/business/2021/may/11/us-millionaire-ceos-saw-29-pay-raises-while-workers-had-decreases-report-says,3471,very_excited,60539,250.0,389.0,11
387,387,houston police searching murder suspect bond ran away tiger,698,n9ke6v,https://www.cnn.com/2021/05/10/us/houston-tiger-murder-suspect-trnd/index.html,120,throwaway0152384,698,251.0,396.0,9
388,388,paperwork filed ballot initiative legalize marijuana mississippi,2,narhfm,https://www.wlox.com/2021/05/11/paperwork-filed-ballot-initiative-seeking-legalize-marijuana-mississippi/,0,Lazylogan,2,252.0,426.0,7
389,389,mcdonalds uber help encourage vaccinehesitant americans,43,na0t1n,https://www.theguardian.com/business/2021/may/11/mcdonalds-promote-vaccine-information,25,throwaway0152384,43,253.0,431.0,6
390,390,us man faces domestic terror probe tied racist extremism,187,n9uc8j,https://apnews.com/article/gun-politics-race-and-ethnicity-government-and-politics-f0d967b211871cf0c76426a43a6c3506,37,thewholedamnplanet,187,254.0,445.0,9
391,391,amazon destroyed 2 million counterfeit products last year,250,nad3dv,https://www.cnn.com/2021/05/11/business/amazon-counterfeits/index.html,42,Apxm,250,255.0,476.0,8
